{"cameraMode":{"drawMode":0,"name":"Shaded","section":"Shading Mode"},"sceneLighting":false,"audioPlay":false,"sceneViewState":{"showFog":false,"showMaterialUpdate":false,"showSkybox":false,"showFlares":false,"showImageEffects":false,"showParticleSystems":false},"in2DMode":false,"pivot":{"x":0.6458572149276733,"y":0.5691618323326111,"z":0.3183753490447998},"rotation":{"x":-0.03129144012928009,"y":0.7992525696754456,"z":-0.04176364094018936,"w":-0.5987253785133362},"size":0.8244878649711609,"orthographic":false}