{"cameraMode":{"drawMode":0,"name":"Shaded","section":"Shading Mode"},"sceneLighting":false,"audioPlay":false,"sceneViewState":{"showFog":false,"showMaterialUpdate":false,"showSkybox":false,"showFlares":false,"showImageEffects":false,"showParticleSystems":false},"in2DMode":false,"pivot":{"x":-3.943837881088257,"y":3.947266101837158,"z":1.0793498754501343},"rotation":{"x":-0.1957806646823883,"y":-0.448599636554718,"z":0.10140432417392731,"w":-0.8661093711853027},"size":9.843817710876465,"orthographic":false}