{"cameraMode":{"drawMode":0,"name":"Shaded","section":"Shading Mode"},"sceneLighting":false,"audioPlay":false,"sceneViewState":{"showFog":false,"showMaterialUpdate":false,"showSkybox":false,"showFlares":false,"showImageEffects":false,"showParticleSystems":false},"in2DMode":false,"pivot":{"x":3.3785056530177829e-8,"y":0.4989596903324127,"z":2.4223700734182787e-7},"rotation":{"x":0.014115520752966404,"y":0.9757826924324036,"z":-0.2079908400774002,"w":0.0662478655576706},"size":1.6465669870376588,"orthographic":false}